X[mm],Y[mm],Z[mm]
2.200000000000000000e+02,1.226021078979003818e+02,2.383089720858990646e+01
1.000000000000000000e+00,0.000000000000000000e+00,0.000000000000000000e+00
0.000000000000000000e+00,1.000000000000000000e+00,0.000000000000000000e+00
0.000000000000000000e+00,0.000000000000000000e+00,1.000000000000000000e+00
